index,node1,node2,predicted laybel,probability laybel,node1-name,node2-name
669,7405,3853,1,0.8962978536025469,p_46768,a_67681
7853,7420,1698,1,0.866236011826179,p_47286,a_3341
7907,7420,263,1,0.853603857618456,p_47286,a_12847
7966,7420,3106,1,0.855354191493376,p_47286,a_56658
9490,6523,3106,1,0.855354191493376,p_22976,a_56658
18728,6982,2651,1,0.8594568462103038,p_30802,a_5048
29086,1216,7033,1,0.8716765597719176,a_278,p_32109
30734,6031,1125,1,0.8509533144254017,p_13813,a_26923
36491,6409,2103,1,0.8718592153076411,p_21559,a_41680
36764,6409,1125,1,0.8509533144254017,p_21559,a_26923
36960,6409,1926,1,0.8591169672456254,p_21559,a_38939
37197,6409,3298,1,0.8659032583654771,p_21559,a_59195
39773,7014,1125,1,0.8718592153076411,p_31650,a_26923
39875,7014,2651,1,0.8763006997948624,p_31650,a_5048
39953,7014,380,1,0.8608523799810383,p_31650,a_14405
39955,7014,2188,1,0.8591169672456254,p_31650,a_43207
40098,7014,3853,1,0.8886071552428221,p_31650,a_67681
40195,7014,1732,1,0.8620681372107792,p_31650,a_34604
43103,6507,3853,1,0.9272374282134337,p_22822,a_67681
47152,5938,1698,1,0.8622025209634385,p_13203,a_3341
47278,5938,1125,1,0.8522199810920682,p_13203,a_26923
47700,5938,1732,1,0.8524514625735498,p_13203,a_34604
48503,6689,2103,1,0.8718592153076411,p_255,a_41680
48972,6689,1926,1,0.8591169672456254,p_255,a_38939
49209,6689,3298,1,0.8659032583654771,p_255,a_59195
50342,5981,659,1,0.9115002056766763,p_13503,a_2144
54632,7242,1698,1,0.8712216582235283,p_40581,a_3341
62315,6732,2651,1,0.8594568462103038,p_26052,a_5048
63803,7279,2651,1,0.8594568462103038,p_42332,a_5048
66999,5846,3853,1,0.8511692271380632,p_11846,a_67681
74076,6153,3106,1,0.860942119389451,p_15986,a_56658
75671,7347,2651,1,0.8503883688404109,p_44417,a_5048
87480,274,7185,1,0.8682406114866184,a_13056,p_38460
93353,6512,2651,1,0.8756249163190788,p_22867,a_5048
96286,6705,2651,1,0.8961222876929698,p_25734,a_5048
96509,6705,3853,1,0.9601045534492867,p_25734,a_67681
97649,7919,1125,1,0.8522199810920682,p_66012,a_26923
97974,7919,3853,1,0.9601045534492867,p_66012,a_67681
98071,7919,1732,1,0.8524514625735498,p_66012,a_34604
100303,6587,2103,1,0.8719086545637965,p_2366,a_41680
100563,6587,3106,1,0.8717406967891225,p_2366,a_56658
100678,6587,2651,1,0.8763006997948624,p_2366,a_5048
100758,6587,2188,1,0.8591169672456254,p_2366,a_43207
100998,6587,1732,1,0.8620681372107792,p_2366,a_34604
103932,6241,3298,1,0.8659032583654771,p_176,a_59195
104686,5808,2103,1,0.8514010756194313,p_11,a_41680
104833,5808,1698,1,0.8622025209634385,p_11,a_3341
105028,5808,659,1,0.8932699246582598,p_11,a_2144
105061,5808,2651,1,0.8961222876929698,p_11,a_5048
106405,6467,3106,1,0.855354191493376,p_2214,a_56658
107605,2103,7241,1,0.8514010756194313,a_41680,p_4054
107610,2103,7954,1,0.8514010756194313,a_41680,p_67322
107641,2103,8049,1,0.8718592153076411,a_41680,p_69968
107659,2103,7889,1,0.8514010756194313,a_41680,p_64446
107678,2103,6457,1,0.8718592153076411,a_41680,p_220
107751,2103,6008,1,0.8718592153076411,a_41680,p_13662
107786,2103,7858,1,0.8514010756194313,a_41680,p_63418
107819,2103,7484,1,0.8514010756194313,a_41680,p_51427
107823,2103,6560,1,0.8514010756194313,a_41680,p_23331
107851,2103,5901,1,0.8718592153076411,a_41680,p_12919
107855,2103,5739,1,0.8514010756194313,a_41680,p_101511
107866,2103,6620,1,0.8514010756194313,a_41680,p_2412
107875,2103,5807,1,0.8514010756194313,a_41680,p_10958
107902,2103,6967,1,0.8718592153076411,a_41680,p_3058
107915,2103,8203,1,0.8718592153076411,a_41680,p_74208
107929,2103,6164,1,0.8718592153076411,a_41680,p_16012
107987,2103,7204,1,0.8514010756194313,a_41680,p_39221
108052,2103,6122,1,0.868605098792961,a_41680,p_15353
108063,2103,5858,1,0.868605098792961,a_41680,p_12436
108102,2103,6309,1,0.8718592153076411,a_41680,p_19
108113,2103,7221,1,0.8514010756194313,a_41680,p_39627
108117,2103,6124,1,0.8648550987929611,a_41680,p_15391
108140,2103,6060,1,0.8514010756194313,a_41680,p_14175
108175,2103,5775,1,0.8718592153076411,a_41680,p_10502
108210,2103,6793,1,0.8514010756194313,a_41680,p_26875
108252,2103,6440,1,0.8514010756194313,a_41680,p_21893
108264,2103,5893,1,0.8719086545637965,a_41680,p_12856
108279,2103,6373,1,0.8514010756194313,a_41680,p_20651
108280,2103,7381,1,0.8514010756194313,a_41680,p_4563
108289,2103,6907,1,0.8718592153076411,a_41680,p_29282
108292,2103,5920,1,0.8719086545637965,a_41680,p_13
108294,2103,6516,1,0.8619086545637965,a_41680,p_22898
108308,2103,5933,1,0.8514010756194313,a_41680,p_13186
108312,2103,7286,1,0.8718592153076411,a_41680,p_425
108315,2103,6446,1,0.8624112925991548,a_41680,p_21907
108319,2103,6969,1,0.8514010756194313,a_41680,p_30595
108327,2103,8243,1,0.8662615858188956,a_41680,p_75713
108362,2103,6434,1,0.8566728058624686,a_41680,p_21868
108381,2103,6004,1,0.8718592153076411,a_41680,p_13647
108420,2103,7100,1,0.8719086545637965,a_41680,p_34506
108456,2103,6386,1,0.8514010756194313,a_41680,p_2089
108465,2103,6742,1,0.8718592153076411,a_41680,p_2610
108473,2103,8214,1,0.8719086545637965,a_41680,p_74679
108481,2103,5754,1,0.8514010756194313,a_41680,p_102397
108500,2103,7109,1,0.8719086545637965,a_41680,p_34990
108521,2103,8345,1,0.8514010756194313,a_41680,p_79701
108531,2103,8197,1,0.860891099365612,a_41680,p_7412
108532,2103,8303,1,0.8514010756194313,a_41680,p_7868
108536,2103,8045,1,0.866767081464413,a_41680,p_69816
108547,2103,8647,1,0.8514010756194313,a_41680,p_89092
108548,2103,8693,1,0.8719086545637965,a_41680,p_90163
108574,2103,8526,1,0.8718592153076411,a_41680,p_86244
108600,2103,8642,1,0.8514010756194313,a_41680,p_89029
108616,2103,8906,1,0.8718592153076411,a_41680,p_95924
108620,2103,8302,1,0.8514010756194313,a_41680,p_7866
108632,2103,6582,1,0.8514010756194313,a_41680,p_2361
108636,2103,6966,1,0.8618592153076411,a_41680,p_3056
108682,2103,7559,1,0.8719086545637965,a_41680,p_5398
108685,2103,8298,1,0.8514010756194313,a_41680,p_7861
108686,2103,8078,1,0.8514010756194313,a_41680,p_70934
108712,2103,7855,1,0.8514010756194313,a_41680,p_63283
108728,2103,8957,1,0.8514010756194313,a_41680,p_9871
108737,2103,8638,1,0.8718592153076411,a_41680,p_89019
108741,2103,7514,1,0.8514010756194313,a_41680,p_52512
108744,2103,8741,1,0.8514010756194313,a_41680,p_91222
108748,2103,6828,1,0.8719086545637965,a_41680,p_27430
108764,2103,8753,1,0.8514010756194313,a_41680,p_91553
108769,2103,7468,1,0.8718592153076411,a_41680,p_50369
108774,2103,6438,1,0.8648550987929611,a_41680,p_2189
108782,2103,8559,1,0.8514010756194313,a_41680,p_87383
108791,2103,8689,1,0.8514010756194313,a_41680,p_90074
108795,2103,8709,1,0.8514010756194313,a_41680,p_9047
108805,2103,8112,1,0.8514010756194313,a_41680,p_71322
108824,2103,8208,1,0.868605098792961,a_41680,p_74462
108853,2103,7859,1,0.8514010756194313,a_41680,p_63420
108865,2103,6019,1,0.8619086545637965,a_41680,p_13717
108868,2103,8525,1,0.8718592153076411,a_41680,p_86220
108901,2103,8630,1,0.8514010756194313,a_41680,p_88918
108902,2103,8404,1,0.8718592153076411,a_41680,p_81040
108904,2103,7765,1,0.8719086545637965,a_41680,p_5990
108919,2103,8080,1,0.8514010756194313,a_41680,p_70946
108953,2103,8649,1,0.8718592153076411,a_41680,p_8912
108959,2103,7410,1,0.8514010756194313,a_41680,p_46982
108980,2103,7582,1,0.8718592153076411,a_41680,p_5438
109023,2103,8565,1,0.8514010756194313,a_41680,p_87495
109046,2103,8445,1,0.8718592153076411,a_41680,p_8227
109053,2103,8245,1,0.8718592153076411,a_41680,p_75946
109058,2103,7613,1,0.8765092153076409,a_41680,p_5552
110891,7241,2651,1,0.8861222876929697,p_4054,a_5048
116928,6581,3853,1,0.8805306607579123,p_236,a_67681
117025,6581,1732,1,0.8647158936210357,p_236,a_34604
117928,7954,1698,1,0.8622025209634385,p_67322,a_3341
125168,6918,1698,1,0.8622025209634385,p_2944,a_3341
126739,6934,1125,1,0.869605098792961,p_29830,a_26923
127161,6934,1732,1,0.860942119389451,p_29830,a_34604
130942,7285,1698,1,0.8548171607150503,p_42489,a_3341
130996,7285,263,1,0.8532959211105193,p_42489,a_12847
131170,7285,2651,1,0.8813042264645596,p_42489,a_5048
131393,7285,3853,1,0.8511692271380632,p_42489,a_67681
131501,7285,3298,1,0.8616564051037366,p_42489,a_59195
135457,6378,659,1,0.9115002056766763,p_2074,a_2144
137248,7595,1732,1,0.855176656864519,p_54882,a_34604
139881,8164,2188,1,0.8591169672456254,p_72905,a_43207
140024,8164,3853,1,0.8886071552428221,p_72905,a_67681
140121,8164,1732,1,0.8620681372107792,p_72905,a_34604
143774,7196,3843,1,0.8649798882248892,p_39007,a_67502
148294,8005,1125,1,0.8522199810920682,p_69061,a_26923
148619,8005,3853,1,0.9601045534492867,p_69061,a_67681
148716,8005,1732,1,0.8524514625735498,p_69061,a_34604
153878,6292,1698,1,0.8622025209634385,p_18822,a_3341
154004,6292,1125,1,0.8522199810920682,p_18822,a_26923
154329,6292,3853,1,0.9601045534492867,p_18822,a_67681
154426,6292,1732,1,0.8524514625735498,p_18822,a_34604
159685,6412,3106,1,0.8717406967891225,p_216,a_56658
160131,6412,3298,1,0.855354191493376,p_216,a_59195
162413,8049,1698,1,0.8814334818412475,p_69968,a_3341
162539,8049,1125,1,0.8509533144254017,p_69968,a_26923
162641,8049,2651,1,0.8698552664163741,p_69968,a_5048
162735,8049,1926,1,0.8591169672456254,p_69968,a_38939
162972,8049,3298,1,0.8659032583654771,p_69968,a_59195
169882,6385,2489,1,0.8516223395472095,p_20836,a_47531
170912,6759,1698,1,0.8622025209634385,p_26572,a_3341
171140,6759,2651,1,0.8861222876929697,p_26572,a_5048
174342,3843,7394,1,0.851320349534252,a_67502,p_46170
174986,3843,7488,1,0.8579681833138619,a_67502,p_51524
176899,5851,243,1,0.8631836433158737,p_12091,a_12569
176942,5851,2489,1,0.8665522248980149,p_12091,a_47531
177236,5851,2965,1,0.8510533978568782,p_12091,a_55016
179603,6222,2651,1,0.8961222876929698,p_16607,a_5048
180977,5863,659,1,0.9115002056766763,p_12658,a_2144
183593,7095,1698,1,0.8622025209634385,p_34357,a_3341
183719,7095,1125,1,0.8522199810920682,p_34357,a_26923
184044,7095,3853,1,0.9601045534492867,p_34357,a_67681
184141,7095,1732,1,0.8524514625735498,p_34357,a_34604
187802,7889,1698,1,0.8622025209634385,p_64446,a_3341
187928,7889,1125,1,0.8522199810920682,p_64446,a_26923
187997,7889,659,1,0.8932699246582598,p_64446,a_2144
188350,7889,1732,1,0.8524514625735498,p_64446,a_34604
211934,6264,3853,1,0.9272374282134337,p_1829,a_67681
212042,6264,3298,1,0.8659032583654771,p_1829,a_59195
214572,6457,1926,1,0.8591169672456254,p_220,a_38939
214701,6457,3853,1,0.9272374282134337,p_220,a_67681
214809,6457,3298,1,0.8659032583654771,p_220,a_59195
233702,8084,659,1,0.9115002056766763,p_70954,a_2144
235326,6367,3853,1,0.8962978536025469,p_20616,a_67681
239027,7711,263,1,0.8532959211105193,p_5837,a_12847
239086,7711,3106,1,0.8537336513132493,p_5837,a_56658
239201,7711,2651,1,0.8813042264645596,p_5837,a_5048
239424,7711,3853,1,0.8511692271380632,p_5837,a_67681
240788,7320,3853,1,0.8962978536025469,p_43689,a_67681
240885,7320,1732,1,0.8647158936210357,p_43689,a_34604
241826,6901,1125,1,0.8509533144254017,p_29222,a_26923
241928,6901,2651,1,0.8698552664163741,p_29222,a_5048
243062,6398,1698,1,0.8814334818412475,p_21140,a_3341
252763,7550,659,1,0.9115002056766763,p_53653,a_2144
254117,7161,659,1,0.8932699246582598,p_37450,a_2144
255275,6250,1698,1,0.8606353572649124,p_17807,a_3341
255503,6250,2651,1,0.8763006997948624,p_17807,a_5048
255834,6250,3298,1,0.855354191493376,p_17807,a_59195
256855,6353,2651,1,0.8594568462103038,p_20367,a_5048
259779,7955,3853,1,0.8511692271380632,p_67450,a_67681
270400,6938,2188,1,0.8591169672456254,p_30,a_43207
270640,6938,1732,1,0.8620681372107792,p_30,a_34604
282576,5910,3853,1,0.9601045534492867,p_12956,a_67681
282673,5910,1732,1,0.8524514625735498,p_12956,a_34604
286231,6836,3106,1,0.8717406967891225,p_27684,a_56658
286569,6836,3853,1,0.8886071552428221,p_27684,a_67681
286677,6836,3298,1,0.855354191493376,p_27684,a_59195
287560,5725,3106,1,0.8607725808470934,p_10087,a_56658
287898,5725,3853,1,0.8886071552428221,p_10087,a_67681
291656,6824,2651,1,0.8961222876929698,p_27411,a_5048
291879,6824,3853,1,0.9601045534492867,p_27411,a_67681
293204,7053,3853,1,0.9599365257411273,p_32521,a_67681
298043,6470,1698,1,0.8622025209634385,p_22158,a_3341
302228,7081,2651,1,0.8594568462103038,p_34019,a_5048
303317,7665,1698,1,0.8814334818412475,p_57163,a_3341
303443,7665,1125,1,0.8509533144254017,p_57163,a_26923
303639,7665,1926,1,0.8591169672456254,p_57163,a_38939
303876,7665,3298,1,0.8659032583654771,p_57163,a_59195
311210,1698,8119,1,0.8622025209634385,a_3341,p_71548
311216,1698,6184,1,0.8814334818412475,a_3341,p_16211
311243,1698,6929,1,0.8622025209634385,a_3341,p_29645
311267,1698,7484,1,0.8622025209634385,a_3341,p_51427
311279,1698,6028,1,0.8622025209634385,a_3341,p_13784
311287,1698,7803,1,0.8622025209634385,a_3341,p_61535
311299,1698,5901,1,0.8814334818412475,a_3341,p_12919
311314,1698,6620,1,0.8622025209634385,a_3341,p_2412
311323,1698,5807,1,0.8622025209634385,a_3341,p_10958
311339,1698,7322,1,0.8814334818412475,a_3341,p_43763
311341,1698,7063,1,0.8622025209634385,a_3341,p_32704
311404,1698,7076,1,0.866236011826179,a_3341,p_33764
311484,1698,7265,1,0.866236011826179,a_3341,p_41697
311486,1698,6518,1,0.8622025209634385,a_3341,p_22935
311492,1698,5916,1,0.8814334818412475,a_3341,p_12990
311500,1698,6122,1,0.866236011826179,a_3341,p_15353
311565,1698,6124,1,0.866236011826179,a_3341,p_15391
311588,1698,6060,1,0.8622025209634385,a_3341,p_14175
311668,1698,5771,1,0.8522025209634385,a_3341,p_10497
311700,1698,6440,1,0.8622025209634385,a_3341,p_21893
311704,1698,6239,1,0.8622025209634385,a_3341,p_1756
311707,1698,6203,1,0.866236011826179,a_3341,p_16374
311732,1698,5894,1,0.8814334818412475,a_3341,p_12859
311756,1698,5933,1,0.8622025209634385,a_3341,p_13186
311760,1698,7286,1,0.8814334818412475,a_3341,p_425
311763,1698,6446,1,0.8630498705218312,a_3341,p_21907
311767,1698,6969,1,0.8622025209634385,a_3341,p_30595
311780,1698,7511,1,0.8668965429498801,a_3341,p_52465
311792,1698,6636,1,0.8622025209634385,a_3341,p_24431
311810,1698,6434,1,0.8856287889693027,a_3341,p_21868
311848,1698,5977,1,0.8650437349788657,a_3341,p_13478
311901,1698,7305,1,0.8622025209634385,a_3341,p_42924
311904,1698,6386,1,0.8622025209634385,a_3341,p_2089
311937,1698,6459,1,0.8622025209634385,a_3341,p_22010
311944,1698,7150,1,0.8814334818412475,a_3341,p_36877
311948,1698,7109,1,0.8606353572649124,a_3341,p_34990
311967,1698,8595,1,0.8622025209634385,a_3341,p_88023
311979,1698,8197,1,0.8814334818412475,a_3341,p_7412
312001,1698,8299,1,0.8606353572649124,a_3341,p_7862
312011,1698,7255,1,0.8814334818412475,a_3341,p_41129
312019,1698,8591,1,0.8622025209634385,a_3341,p_87837
312020,1698,6848,1,0.8814334818412475,a_3341,p_28170
312048,1698,8642,1,0.8622025209634385,a_3341,p_89029
312064,1698,8906,1,0.8814334818412475,a_3341,p_95924
312066,1698,7418,1,0.8606353572649124,a_3341,p_47205
312083,1698,7845,1,0.8630498705218312,a_3341,p_6286
312087,1698,8160,1,0.8622025209634385,a_3341,p_72842
312099,1698,7465,1,0.8775429198932311,a_3341,p_49793
312102,1698,8698,1,0.8622025209634385,a_3341,p_90283
312106,1698,8469,1,0.8622025209634385,a_3341,p_83837
312127,1698,7042,1,0.8814334818412475,a_3341,p_32225
312134,1698,8078,1,0.8622025209634385,a_3341,p_70934
312144,1698,8256,1,0.8622025209634385,a_3341,p_76499
312158,1698,8666,1,0.8622025209634385,a_3341,p_89463
312160,1698,7855,1,0.8622025209634385,a_3341,p_63283
312163,1698,7293,1,0.8622025209634385,a_3341,p_42723
312176,1698,8957,1,0.8622025209634385,a_3341,p_9871
312184,1698,7490,1,0.8622025209634385,a_3341,p_51681
312189,1698,7514,1,0.8622025209634385,a_3341,p_52512
312192,1698,8741,1,0.8622025209634385,a_3341,p_91222
312212,1698,8753,1,0.8622025209634385,a_3341,p_91553
312217,1698,7468,1,0.8814334818412475,a_3341,p_50369
312228,1698,6392,1,0.8814334818412475,a_3341,p_20983
312230,1698,8559,1,0.8622025209634385,a_3341,p_87383
312239,1698,8689,1,0.8622025209634385,a_3341,p_90074
312243,1698,8709,1,0.8622025209634385,a_3341,p_9047
312252,1698,5828,1,0.8622025209634385,a_3341,p_113
312253,1698,8112,1,0.8622025209634385,a_3341,p_71322
312262,1698,7302,1,0.8622025209634385,a_3341,p_42884
312270,1698,7339,1,0.8606353572649124,a_3341,p_4416
312275,1698,7909,1,0.8606353572649124,a_3341,p_65459
312285,1698,7283,1,0.8814334818412475,a_3341,p_42451
312290,1698,8671,1,0.8622025209634385,a_3341,p_89526
312301,1698,7859,1,0.8622025209634385,a_3341,p_63420
312313,1698,6019,1,0.8606353572649124,a_3341,p_13717
312385,1698,8176,1,0.8814334818412475,a_3341,p_73204
312391,1698,7326,1,0.8622025209634385,a_3341,p_43912
312407,1698,7410,1,0.8622025209634385,a_3341,p_46982
312471,1698,8565,1,0.8622025209634385,a_3341,p_87495
312507,1698,8053,1,0.8622025209634385,a_3341,p_70095
312634,6008,1125,1,0.8509533144254017,p_13662,a_26923
312830,6008,1926,1,0.8591169672456254,p_13662,a_38939
315353,6941,2651,1,0.851790004870638,p_30083,a_5048
316883,6737,3853,1,0.8511692271380632,p_26072,a_67681
320460,6232,3106,1,0.855354191493376,p_17089,a_56658
325666,7194,3106,1,0.8717406967891225,p_38841,a_56658
326004,7194,3853,1,0.8886071552428221,p_38841,a_67681
327080,8119,2651,1,0.8861222876929697,p_71548,a_5048
329675,6014,2651,1,0.8698552664163741,p_13703,a_5048
334853,6184,2651,1,0.8698552664163741,p_16211,a_5048
335184,6184,3298,1,0.8659032583654771,p_16211,a_59195
343702,7424,263,1,0.855090792905391,p_47523,a_12847
343761,7424,3106,1,0.8537336513132493,p_47523,a_56658
343970,7424,1926,1,0.8514149432925072,p_47523,a_38939
344099,7424,3853,1,0.8511692271380632,p_47523,a_67681
344196,7424,1732,1,0.855176656864519,p_47523,a_34604
347822,6472,1926,1,0.8591169672456254,p_2224,a_38939
347951,6472,3853,1,0.9172647009407063,p_2224,a_67681
350514,6444,3853,1,0.9601365257411274,p_219,a_67681
351794,6486,3853,1,0.8869633196263836,p_22450,a_67681
351902,6486,3298,1,0.855354191493376,p_22450,a_59195
361775,7047,2651,1,0.8763006997948624,p_3238,a_5048
369284,6929,1125,1,0.8522199810920682,p_29645,a_26923
369706,6929,1732,1,0.8524514625735498,p_29645,a_34604
374325,7193,3106,1,0.860942119389451,p_38830,a_56658
378051,6651,2723,1,0.8604952611221454,p_24660,a_51559
378653,6651,190,1,0.8611645579106282,p_24660,a_1165
380613,263,6921,1,0.855090792905391,a_12847,p_29578
380658,263,7772,1,0.855090792905391,a_12847,p_5999
380713,263,7076,1,0.8553987294133277,a_12847,p_33764
380793,263,7265,1,0.8553987294133277,a_12847,p_41697
380816,263,6201,1,0.855090792905391,a_12847,p_16369
380831,263,6524,1,0.853603857618456,a_12847,p_23
380963,263,6423,1,0.8532959211105193,a_12847,p_2179
381016,263,6203,1,0.8553987294133277,a_12847,p_16374
381070,263,6424,1,0.8553987294133277,a_12847,p_21793
381293,263,8045,1,0.855090792905391,a_12847,p_69816
381438,263,8276,1,0.853603857618456,a_12847,p_7773
381496,263,8773,1,0.8553987294133277,a_12847,p_9237
381581,263,8208,1,0.8553987294133277,a_12847,p_74462
381623,263,6388,1,0.855090792905391,a_12847,p_2091
381876,7077,3106,1,0.8717406967891225,p_33853,a_56658
390755,6030,2651,1,0.8698552664163741,p_13809,a_5048
390978,6030,3853,1,0.9272374282134337,p_13809,a_67681
399470,7484,2651,1,0.8961222876929698,p_51427,a_5048
399790,7484,1732,1,0.8524514625735498,p_51427,a_34604
400596,6021,3106,1,0.8617406967891225,p_13730,a_56658
400711,6021,2651,1,0.8763006997948624,p_13730,a_5048
400934,6021,3853,1,0.8886071552428221,p_13730,a_67681
409268,6863,1125,1,0.8624349703532702,p_28367,a_26923
409448,6863,380,1,0.8514878350732096,p_28367,a_14405
409593,6863,3853,1,0.8962978536025469,p_28367,a_67681
409690,6863,1732,1,0.8647158936210357,p_28367,a_34604
414296,6028,2651,1,0.8961222876929698,p_13784,a_5048
421655,7592,2651,1,0.8503883688404109,p_54668,a_5048
423998,7803,1125,1,0.8522199810920682,p_61535,a_26923
424420,7803,1732,1,0.8524514625735498,p_61535,a_34604
425544,6592,3853,1,0.9272374282134337,p_2379,a_67681
425652,6592,3298,1,0.8659032583654771,p_2379,a_59195
430195,6961,2651,1,0.8594568462103038,p_30445,a_5048
436232,6075,659,1,0.9013002056766762,p_14488,a_2144
437374,7316,1125,1,0.8624349703532702,p_43501,a_26923
437554,7316,380,1,0.8514878350732096,p_43501,a_14405
437699,7316,3853,1,0.8962978536025469,p_43501,a_67681
437796,7316,1732,1,0.8647158936210357,p_43501,a_34604
438653,5901,659,1,0.8832174559095661,p_12919,a_2144
438686,5901,2651,1,0.8698552664163741,p_12919,a_5048
438780,5901,1926,1,0.8591169672456254,p_12919,a_38939
439017,5901,3298,1,0.8659032583654771,p_12919,a_59195
441001,6465,1125,1,0.8509533144254017,p_2210,a_26923
441070,6465,659,1,0.8832174559095661,p_2210,a_2144
441103,6465,2651,1,0.8698552664163741,p_2210,a_5048
443516,5739,2651,1,0.8861222876929697,p_101511,a_5048
444606,6921,3106,1,0.8553774869296876,p_29578,a_56658
444721,6921,2651,1,0.8813042264645596,p_29578,a_5048
445052,6921,3298,1,0.8616564051037366,p_29578,a_59195
450954,7343,3853,1,0.9288812638298719,p_4420,a_67681
451930,7250,2651,1,0.8961222876929698,p_40821,a_5048
452153,7250,3853,1,0.9601045534492867,p_40821,a_67681
453051,3106,7772,1,0.8553774869296876,a_56658,p_5999
453057,3106,8034,1,0.8717406967891225,a_56658,p_6973
453088,3106,7202,1,0.8617406967891225,a_56658,p_39188
453106,3106,7076,1,0.855354191493376,a_56658,p_33764
453164,3106,7113,1,0.855354191493376,a_56658,p_3508
453170,3106,6892,1,0.860942119389451,a_56658,p_28939
453185,3106,6413,1,0.8553774869296876,a_56658,p_21601
453186,3106,7265,1,0.855354191493376,a_56658,p_41697
453197,3106,6183,1,0.8717406967891225,a_56658,p_16210
453201,3106,6699,1,0.855354191493376,a_56658,p_2563
453209,3106,6201,1,0.8553774869296876,a_56658,p_16369
453213,3106,5858,1,0.855354191493376,a_56658,p_12436
453214,3106,6760,1,0.8537599901978524,a_56658,p_26630
453229,3106,6493,1,0.8717406967891225,a_56658,p_22586
453248,3106,7321,1,0.860942119389451,a_56658,p_43759
453270,3106,6042,1,0.860942119389451,a_56658,p_13927
453271,3106,6033,1,0.8717406967891225,a_56658,p_13829
453281,3106,6683,1,0.860942119389451,a_56658,p_25349
453306,3106,7125,1,0.8518223031516716,a_56658,p_35449
453356,3106,6423,1,0.8553774869296876,a_56658,p_2179
453409,3106,6203,1,0.855354191493376,a_56658,p_16374
453414,3106,5893,1,0.8717406967891225,a_56658,p_12856
453417,3106,6420,1,0.8700740301224558,a_56658,p_21704
453442,3106,5920,1,0.8615406967891224,a_56658,p_13
453463,3106,6424,1,0.855354191493376,a_56658,p_21793
453465,3106,6446,1,0.855354191493376,a_56658,p_21907
453482,3106,7511,1,0.8537599901978524,a_56658,p_52465
453550,3106,5977,1,0.8537599901978524,a_56658,p_13478
453570,3106,7100,1,0.8717406967891225,a_56658,p_34506
453579,3106,6397,1,0.8617406967891225,a_56658,p_2112
453602,3106,6940,1,0.860942119389451,a_56658,p_3003
453614,3106,7112,1,0.8553774869296876,a_56658,p_3505
453650,3106,7109,1,0.8717406967891225,a_56658,p_34990
453677,3106,7728,1,0.855354191493376,a_56658,p_58715
453686,3106,8045,1,0.8553774869296876,a_56658,p_69816
453692,3106,7398,1,0.860942119389451,a_56658,p_46377
453703,3106,8299,1,0.8717406967891225,a_56658,p_7862
453729,3106,8127,1,0.8537599901978524,a_56658,p_7181
453755,3106,6949,1,0.8648364531787177,a_56658,p_30223
453768,3106,7418,1,0.8717406967891225,a_56658,p_47205
453779,3106,6171,1,0.855354191493376,a_56658,p_16061
453785,3106,7845,1,0.855354191493376,a_56658,p_6286
453788,3106,6202,1,0.8717406967891225,a_56658,p_16373
453801,3106,7465,1,0.860942119389451,a_56658,p_49793
453832,3106,7559,1,0.8717406967891225,a_56658,p_5398
453849,3106,6675,1,0.8617406967891225,a_56658,p_252
453869,3106,7663,1,0.8537599901978524,a_56658,p_57158
453889,3106,8773,1,0.855354191493376,a_56658,p_9237
453898,3106,6828,1,0.8717406967891225,a_56658,p_27430
453906,3106,7389,1,0.860942119389451,a_56658,p_45858
453939,3106,7967,1,0.8553774869296876,a_56658,p_679
453948,3106,7402,1,0.8617406967891225,a_56658,p_4665
453951,3106,7848,1,0.8615406967891224,a_56658,p_6315
453974,3106,8208,1,0.855354191493376,a_56658,p_74462
453977,3106,7909,1,0.8717406967891225,a_56658,p_65459
453989,3106,7416,1,0.860942119389451,a_56658,p_47139
454016,3106,6388,1,0.8553774869296876,a_56658,p_2091
454021,3106,7324,1,0.8717406967891225,a_56658,p_43798
454029,3106,7143,1,0.8617406967891225,a_56658,p_36676
454031,3106,7382,1,0.8537599901978524,a_56658,p_4564
454045,3106,7558,1,0.855354191493376,a_56658,p_5396
454106,3106,7608,1,0.860942119389451,a_56658,p_5536
454129,3106,7548,1,0.8717406967891225,a_56658,p_5362
454135,3106,7167,1,0.8717406967891225,a_56658,p_3751
454160,3106,7357,1,0.860942119389451,a_56658,p_44760
456683,6620,659,1,0.8932699246582598,p_2412,a_2144
456716,6620,2651,1,0.8961222876929698,p_2412,a_5048
460193,7260,1125,1,0.8624349703532702,p_41415,a_26923
460373,7260,380,1,0.8514878350732096,p_41415,a_14405
460615,7260,1732,1,0.8647158936210357,p_41415,a_34604
467393,5807,659,1,0.8932699246582598,p_10958,a_2144
467426,5807,2651,1,0.8961222876929698,p_10958,a_5048
468518,1125,7552,1,0.8522199810920682,a_26923,p_53682
468535,1125,6967,1,0.8509533144254017,a_26923,p_3058
468562,1125,6164,1,0.8509533144254017,a_26923,p_16012
468620,1125,7204,1,0.8522199810920682,a_26923,p_39221
468667,1125,6801,1,0.8522199810920682,a_26923,p_26966
468670,1125,7489,1,0.8509533144254017,a_26923,p_51556
468673,1125,5999,1,0.8522199810920682,a_26923,p_13585
468694,1125,6709,1,0.8718592153076411,a_26923,p_25812
468696,1125,5858,1,0.8624349703532702,a_26923,p_12436
468701,1125,7407,1,0.8624349703532702,a_26923,p_46908
468746,1125,7221,1,0.8522199810920682,a_26923,p_39627
468786,1125,6147,1,0.8509533144254017,a_26923,p_15957
468813,1125,5958,1,0.8509533144254017,a_26923,p_13346
468827,1125,6538,1,0.8509533144254017,a_26923,p_23054
468843,1125,6793,1,0.8522199810920682,a_26923,p_26875
468856,1125,5942,1,0.8522199810920682,a_26923,p_13232
468885,1125,6440,1,0.8522199810920682,a_26923,p_21893
468897,1125,5893,1,0.8718592153076411,a_26923,p_12856
468903,1125,6511,1,0.8509533144254017,a_26923,p_22861
468912,1125,6373,1,0.8522199810920682,a_26923,p_20651
468922,1125,6907,1,0.8509533144254017,a_26923,p_29282
468948,1125,6446,1,0.8624349703532702,a_26923,p_21907
468977,1125,6636,1,0.8522199810920682,a_26923,p_24431
469001,1125,6269,1,0.8509533144254017,a_26923,p_18356
469014,1125,6004,1,0.8509533144254017,a_26923,p_13647
469015,1125,6506,1,0.8522199810920682,a_26923,p_22805
469025,1125,8177,1,0.869605098792961,a_26923,p_73337
469030,1125,7816,1,0.8509533144254017,a_26923,p_61922
469053,1125,7100,1,0.8718592153076411,a_26923,p_34506
469086,1125,7305,1,0.8522199810920682,a_26923,p_42924
469106,1125,8214,1,0.8718592153076411,a_26923,p_74679
469154,1125,8345,1,0.8522199810920682,a_26923,p_79701
469170,1125,7679,1,0.8718592153076411,a_26923,p_57470
469179,1125,8056,1,0.8522199810920682,a_26923,p_70148
469204,1125,8591,1,0.8522199810920682,a_26923,p_87837
469207,1125,8526,1,0.8509533144254017,a_26923,p_86244
469215,1125,7987,1,0.8522199810920682,a_26923,p_68300
469251,1125,7418,1,0.8718592153076411,a_26923,p_47205
469252,1125,8832,1,0.8509533144254017,a_26923,p_94009
469265,1125,6582,1,0.8522199810920682,a_26923,p_2361
469267,1125,7784,1,0.8509533144254017,a_26923,p_60772
469270,1125,7985,1,0.8509533144254017,a_26923,p_68266
469315,1125,7559,1,0.8718592153076411,a_26923,p_5398
469329,1125,8256,1,0.8522199810920682,a_26923,p_76499
469330,1125,6666,1,0.8522199810920682,a_26923,p_24890
469345,1125,7855,1,0.8522199810920682,a_26923,p_63283
469361,1125,8957,1,0.8522199810920682,a_26923,p_9871
469365,1125,7272,1,0.8564153466102656,a_26923,p_419
469369,1125,7490,1,0.8522199810920682,a_26923,p_51681
469372,1125,8773,1,0.8624349703532702,a_26923,p_9237
469377,1125,8741,1,0.8522199810920682,a_26923,p_91222
469381,1125,6828,1,0.8718592153076411,a_26923,p_27430
469402,1125,7468,1,0.8509533144254017,a_26923,p_50369
469420,1125,8901,1,0.8509533144254017,a_26923,p_95707
469428,1125,8709,1,0.8522199810920682,a_26923,p_9047
469433,1125,7696,1,0.8624349703532702,a_26923,p_58
469437,1125,5828,1,0.8522199810920682,a_26923,p_113
469457,1125,8208,1,0.8624349703532702,a_26923,p_74462
469504,1125,7324,1,0.8718592153076411,a_26923,p_43798
469509,1125,8714,1,0.8509533144254017,a_26923,p_90648
469534,1125,8630,1,0.8522199810920682,a_26923,p_88918
469535,1125,8404,1,0.8509533144254017,a_26923,p_81040
469552,1125,8080,1,0.8522199810920682,a_26923,p_70946
469563,1125,8030,1,0.8624349703532702,a_26923,p_6968
469576,1125,7326,1,0.8522199810920682,a_26923,p_43912
469598,1125,7817,1,0.8522199810920682,a_26923,p_61925
469638,1125,7399,1,0.8718592153076411,a_26923,p_46610
469667,1125,6922,1,0.8509533144254017,a_26923,p_29579
469678,1125,6609,1,0.8624349703532702,a_26923,p_2396
469683,1125,7809,1,0.8509533144254017,a_26923,p_61719
469691,1125,7613,1,0.8509533144254017,a_26923,p_5552
469762,7356,659,1,0.9115002056766763,p_44743,a_2144
479198,7552,659,1,0.8932699246582598,p_53682,a_2144
479231,7552,2651,1,0.8961222876929698,p_53682,a_5048
479551,7552,1732,1,0.8524514625735498,p_53682,a_34604
486489,7322,3853,1,0.9272374282134337,p_43763,a_67681
486597,7322,3298,1,0.8659032583654771,p_43763,a_59195
488603,7063,2651,1,0.8861222876929697,p_32704,a_5048
499070,6967,2651,1,0.8698552664163741,p_3058,a_5048
499164,6967,1926,1,0.8591169672456254,p_3058,a_38939
503919,6448,3853,1,0.9601365257411274,p_21950,a_67681
504850,8034,2651,1,0.8763006997948624,p_6973,a_5048
508306,6644,2651,1,0.8808417762950258,p_24572,a_5048
508626,6644,1732,1,0.860942119389451,p_24572,a_34604
514046,8203,2651,1,0.8698552664163741,p_74208,a_5048
514140,8203,1926,1,0.8591169672456254,p_74208,a_38939
514269,8203,3853,1,0.9272374282134337,p_74208,a_67681
518843,6490,3853,1,0.9601045534492867,p_22546,a_67681
522040,7883,2651,1,0.8698552664163741,p_64348,a_5048
529985,6164,2651,1,0.8698552664163741,p_16012,a_5048
530079,6164,1926,1,0.8591169672456254,p_16012,a_38939
540222,7202,1926,1,0.8514878350732096,p_39188,a_38939
540351,7202,3853,1,0.8886071552428221,p_39188,a_67681
540448,7202,1732,1,0.8620681372107792,p_39188,a_34604
541217,7487,659,1,0.9115002056766763,p_51515,a_2144
542371,6024,2651,1,0.8861222876929697,p_13770,a_5048
547941,659,7294,1,0.9115002056766763,a_2144,p_42758
547962,659,5801,1,0.9015002056766764,a_2144,p_10867
547974,659,6485,1,0.9115002056766763,a_2144,p_22448
548023,659,5999,1,0.8932699246582598,a_2144,p_13585
548123,659,6060,1,0.8932699246582598,a_2144,p_14175
548143,659,6211,1,0.9115002056766763,a_2144,p_16464
548146,659,5875,1,0.9115002056766763,a_2144,p_12739
548181,659,6331,1,0.9115002056766763,a_2144,p_194
548183,659,7199,1,0.9115002056766763,a_2144,p_39182
548203,659,5771,1,0.8932699246582598,a_2144,p_10497
548206,659,5942,1,0.8932699246582598,a_2144,p_13232
548209,659,6119,1,0.9115002056766763,a_2144,p_15264
548223,659,6574,1,0.9115002056766763,a_2144,p_235
548226,659,7807,1,0.9115002056766763,a_2144,p_61643
548230,659,7818,1,0.9115002056766763,a_2144,p_61929
548234,659,5868,1,0.9115002056766763,a_2144,p_12697
548243,659,6009,1,0.9115002056766763,a_2144,p_13670
548268,659,6585,1,0.9115002056766763,a_2144,p_23639
548277,659,6516,1,0.8657929161683735,a_2144,p_22898
548291,659,5933,1,0.8932699246582598,a_2144,p_13186
548302,659,6969,1,0.8932699246582598,a_2144,p_30595
548309,659,6422,1,0.9115002056766763,a_2144,p_2177
548339,659,7276,1,0.9115002056766763,a_2144,p_42152
548347,659,6057,1,0.9115002056766763,a_2144,p_14135
548353,659,6886,1,0.9115002056766763,a_2144,p_28912
548382,659,7878,1,0.8932699246582598,a_2144,p_64201
548408,659,7893,1,0.9115002056766763,a_2144,p_6461
548409,659,6684,1,0.8832699246582598,a_2144,p_25359
548439,659,6386,1,0.8932699246582598,a_2144,p_2089
548441,659,6783,1,0.9115002056766763,a_2144,p_26797
548505,659,8852,1,0.9115002056766763,a_2144,p_94530
548506,659,8037,1,0.9115002056766763,a_2144,p_69761
548512,659,7630,1,0.9115002056766763,a_2144,p_56075
548516,659,8265,1,0.9115002056766763,a_2144,p_76948
548527,659,7647,1,0.9115002056766763,a_2144,p_56691
548529,659,8056,1,0.8932699246582598,a_2144,p_70148
548534,659,8570,1,0.9115002056766763,a_2144,p_87580
548550,659,8564,1,0.9115002056766763,a_2144,p_87490
548551,659,8113,1,0.9115002056766763,a_2144,p_71333
548564,659,8815,1,0.9115002056766763,a_2144,p_93602
548583,659,8642,1,0.8932699246582598,a_2144,p_89029
548595,659,7958,1,0.9115002056766763,a_2144,p_67552
548599,659,8906,1,0.8832174559095661,a_2144,p_95924
548626,659,8763,1,0.9115002056766763,a_2144,p_92004
548652,659,6505,1,0.9115002056766763,a_2144,p_22774
548667,659,8366,1,0.9115002056766763,a_2144,p_80231
548669,659,8078,1,0.8932699246582598,a_2144,p_70934
548671,659,8929,1,0.9115002056766763,a_2144,p_97029
548675,659,8584,1,0.9115002056766763,a_2144,p_87781
548685,659,8739,1,0.9115002056766763,a_2144,p_91211
548704,659,7335,1,0.9115002056766763,a_2144,p_44082
548724,659,7514,1,0.8932699246582598,a_2144,p_52512
548727,659,8741,1,0.8932699246582598,a_2144,p_91222
548730,659,8244,1,0.9015002056766764,a_2144,p_75885
548747,659,8753,1,0.8932699246582598,a_2144,p_91553
548759,659,7912,1,0.9115002056766763,a_2144,p_65626
548761,659,7615,1,0.9115002056766763,a_2144,p_55635
548765,659,8559,1,0.8932699246582598,a_2144,p_87383
548768,659,7569,1,0.9115002056766763,a_2144,p_54140
548774,659,8689,1,0.8932699246582598,a_2144,p_90074
548788,659,8112,1,0.8932699246582598,a_2144,p_71322
548792,659,7838,1,0.9115002056766763,a_2144,p_62586
548795,659,7378,1,0.9115002056766763,a_2144,p_45528
548802,659,8952,1,0.8932699246582598,a_2144,p_98122
548811,659,8155,1,0.9115002056766763,a_2144,p_72732
548815,659,8537,1,0.9115002056766763,a_2144,p_86791
548831,659,8502,1,0.9115002056766763,a_2144,p_85522
548836,659,7859,1,0.8932699246582598,a_2144,p_63420
548847,659,8854,1,0.9115002056766763,a_2144,p_94534
548850,659,7853,1,0.9115002056766763,a_2144,p_63275
548868,659,8201,1,0.9115002056766763,a_2144,p_74165
548874,659,8381,1,0.8932699246582598,a_2144,p_80662
548879,659,7570,1,0.9115002056766763,a_2144,p_54142
548901,659,8428,1,0.9115002056766763,a_2144,p_81691
548909,659,8550,1,0.9013002056766762,a_2144,p_87
548919,659,6865,1,0.9115002056766763,a_2144,p_28378
548942,659,7410,1,0.8932699246582598,a_2144,p_46982
548948,659,7817,1,0.8932699246582598,a_2144,p_61925
548953,659,8543,1,0.9115002056766763,a_2144,p_86831
548957,659,8710,1,0.9115002056766763,a_2144,p_90503
548965,659,6568,1,0.9115002056766763,a_2144,p_2342
548976,659,8392,1,0.9115002056766763,a_2144,p_80796
548992,659,8720,1,0.9115002056766763,a_2144,p_90792
549006,659,8565,1,0.8932699246582598,a_2144,p_87495
549007,659,7262,1,0.9115002056766763,a_2144,p_415
549023,659,8307,1,0.8932699246582598,a_2144,p_7872
549040,659,7749,1,0.9015002056766764,a_2144,p_5974
549044,659,7730,1,0.8932699246582598,a_2144,p_58780
549299,7197,3853,1,0.8886071552428221,p_3908,a_67681
549396,7197,1732,1,0.8620681372107792,p_3908,a_34604
573353,6478,2651,1,0.8763006997948624,p_22348,a_5048
573576,6478,3853,1,0.8886071552428221,p_22348,a_67681
573673,6478,1732,1,0.8620681372107792,p_22348,a_34604
575536,6477,2651,1,0.8763006997948624,p_22334,a_5048
575616,6477,2188,1,0.8591169672456254,p_22334,a_43207
575856,6477,1732,1,0.8620681372107792,p_22334,a_34604
584240,2651,6729,1,0.8503883688404109,a_5048,p_26043
584246,2651,6588,1,0.8763006997948624,a_5048,p_2368
584284,2651,6801,1,0.8961222876929698,a_5048,p_26966
584287,2651,7489,1,0.8698552664163741,a_5048,p_51556
584290,2651,5999,1,0.8961222876929698,a_5048,p_13585
584294,2651,5916,1,0.8698552664163741,a_5048,p_12990
584304,2651,6368,1,0.8698552664163741,a_5048,p_2063
584311,2651,6709,1,0.8763006997948624,a_5048,p_25812
584313,2651,5858,1,0.8756249163190788,a_5048,p_12436
584314,2651,6760,1,0.8808417762950258,a_5048,p_26630
584329,2651,6493,1,0.8763006997948624,a_5048,p_22586
584352,2651,6309,1,0.8698552664163741,a_5048,p_19
584368,2651,6001,1,0.8763006997948624,a_5048,p_13593
584371,2651,6033,1,0.8763006997948624,a_5048,p_13829
584380,2651,6282,1,0.8763006997948624,a_5048,p_1866
584381,2651,6683,1,0.851790004870638,a_5048,p_25349
584390,2651,6060,1,0.8961222876929698,a_5048,p_14175
584403,2651,6147,1,0.8698552664163741,a_5048,p_15957
584405,2651,6151,1,0.8763006997948624,a_5048,p_15983
584420,2651,6915,1,0.8655469056342655,a_5048,p_29361
584427,2651,6549,1,0.8961222876929698,a_5048,p_23170
584441,2651,6039,1,0.8808417762950258,a_5048,p_13900
584444,2651,6538,1,0.8698552664163741,a_5048,p_23054
584460,2651,6793,1,0.8961222876929698,a_5048,p_26875
584473,2651,5942,1,0.8961222876929698,a_5048,p_13232
584502,2651,6440,1,0.8961222876929698,a_5048,p_21893
584503,2651,6647,1,0.8813042264645596,a_5048,p_24625
584506,2651,6239,1,0.8961222876929698,a_5048,p_1756
584514,2651,5893,1,0.8763006997948624,a_5048,p_12856
584522,2651,6062,1,0.8961222876929698,a_5048,p_14210
584534,2651,5894,1,0.8698552664163741,a_5048,p_12859
584539,2651,6907,1,0.8698552664163741,a_5048,p_29282
584542,2651,5920,1,0.8763006997948624,a_5048,p_13
584545,2651,6169,1,0.8961222876929698,a_5048,p_16037
584550,2651,5876,1,0.8861222876929697,a_5048,p_12743
584558,2651,5933,1,0.8961222876929698,a_5048,p_13186
584565,2651,6446,1,0.8756249163190788,a_5048,p_21907
584569,2651,6969,1,0.8961222876929698,a_5048,p_30595
584585,2651,6192,1,0.8763006997948624,a_5048,p_16257
584590,2651,6993,1,0.8763006997948624,a_5048,p_3102
584613,2651,8011,1,0.851790004870638,a_5048,p_6934
584645,2651,6551,1,0.8698552664163741,a_5048,p_23172
584654,2651,7422,1,0.8698552664163741,a_5048,p_4747
584672,2651,7941,1,0.8813042264645596,a_5048,p_6703
584682,2651,7401,1,0.8813042264645596,a_5048,p_46612
584688,2651,7107,1,0.8756249163190788,a_5048,p_34830
584706,2651,6386,1,0.8961222876929698,a_5048,p_2089
584715,2651,6742,1,0.8698552664163741,a_5048,p_2610
584726,2651,7130,1,0.8961222876929698,a_5048,p_35810
584732,2651,6841,1,0.8756249163190788,a_5048,p_27927
584741,2651,7436,1,0.8961222876929698,a_5048,p_47981
584746,2651,7150,1,0.8698552664163741,a_5048,p_36877
584748,2651,6548,1,0.8698552664163741,a_5048,p_23169
584750,2651,7109,1,0.8763006997948624,a_5048,p_34990
584757,2651,6320,1,0.8961222876929698,a_5048,p_19159
584763,2651,7411,1,0.8698552664163741,a_5048,p_46991
584768,2651,6782,1,0.8813042264645596,a_5048,p_26777
584769,2651,8595,1,0.8961222876929698,a_5048,p_88023
584771,2651,8345,1,0.8961222876929698,a_5048,p_79701
584775,2651,6557,1,0.8808417762950258,a_5048,p_2327
584778,2651,8260,1,0.8961222876929698,a_5048,p_76642
584795,2651,8051,1,0.8808417762950258,a_5048,p_70
584796,2651,8056,1,0.8961222876929698,a_5048,p_70148
584798,2651,8693,1,0.8663006997948623,a_5048,p_90163
584803,2651,8299,1,0.8763006997948624,a_5048,p_7862
584804,2651,8223,1,0.8521076429547731,a_5048,p_74822
584812,2651,8633,1,0.8763006997948624,a_5048,p_8897
584813,2651,7255,1,0.8698552664163741,a_5048,p_41129
584814,2651,7874,1,0.8698552664163741,a_5048,p_63772
584815,2651,8389,1,0.8756249163190788,a_5048,p_80763
584847,2651,7734,1,0.8698552664163741,a_5048,p_58872
584850,2651,8642,1,0.8961222876929698,a_5048,p_89029
584859,2651,7892,1,0.8655469056342655,a_5048,p_64576
584866,2651,8906,1,0.8698552664163741,a_5048,p_95924
584870,2651,8302,1,0.8861222876929697,a_5048,p_7866
584873,2651,8170,1,0.8756249163190788,a_5048,p_73062
584881,2651,7593,1,0.8861222876929697,a_5048,p_5473
584882,2651,6582,1,0.8961222876929698,a_5048,p_2361
584884,2651,7784,1,0.8698552664163741,a_5048,p_60772
584887,2651,7985,1,0.8698552664163741,a_5048,p_68266
584888,2651,6202,1,0.8763006997948624,a_5048,p_16373
584897,2651,8497,1,0.8698552664163741,a_5048,p_85093
584901,2651,7465,1,0.851790004870638,a_5048,p_49793
584904,2651,8698,1,0.894455621026303,a_5048,p_90283
584906,2651,8092,1,0.8961222876929698,a_5048,p_71065
584917,2651,8315,1,0.8813042264645596,a_5048,p_7890
584929,2651,7042,1,0.8698552664163741,a_5048,p_32225
584932,2651,7559,1,0.8763006997948624,a_5048,p_5398
584936,2651,8078,1,0.8961222876929698,a_5048,p_70934
584943,2651,7935,1,0.8808417762950258,a_5048,p_66652
584947,2651,6666,1,0.8961222876929698,a_5048,p_24890
584949,2651,6675,1,0.8763006997948624,a_5048,p_252
584955,2651,8619,1,0.8763006997948624,a_5048,p_8859
584960,2651,8666,1,0.8961222876929698,a_5048,p_89463
584962,2651,7855,1,0.8961222876929698,a_5048,p_63283
584965,2651,7293,1,0.8961222876929698,a_5048,p_42723
584973,2651,7353,1,0.8756249163190788,a_5048,p_44655
584978,2651,8957,1,0.8961222876929698,a_5048,p_9871
584987,2651,8638,1,0.8596552664163739,a_5048,p_89019
584991,2651,7514,1,0.8961222876929698,a_5048,p_52512
584994,2651,8741,1,0.8961222876929698,a_5048,p_91222
584998,2651,6828,1,0.8763006997948624,a_5048,p_27430
585003,2651,8274,1,0.8698552664163741,a_5048,p_7760
585014,2651,8753,1,0.8961222876929698,a_5048,p_91553
585019,2651,7468,1,0.8698552664163741,a_5048,p_50369
585022,2651,6920,1,0.8698552664163741,a_5048,p_29528
585024,2651,6438,1,0.8756249163190788,a_5048,p_2189
585027,2651,6971,1,0.8698552664163741,a_5048,p_30629
585030,2651,6392,1,0.8596552664163739,a_5048,p_20983
585032,2651,8559,1,0.8961222876929698,a_5048,p_87383
585037,2651,8901,1,0.8698552664163741,a_5048,p_95707
585041,2651,8689,1,0.8961222876929698,a_5048,p_90074
585045,2651,8709,1,0.8961222876929698,a_5048,p_9047
585048,2651,7402,1,0.8763006997948624,a_5048,p_4665
585055,2651,8112,1,0.8961222876929698,a_5048,p_71322
585064,2651,7302,1,0.8859222876929697,a_5048,p_42884
585068,2651,8607,1,0.8698552664163741,a_5048,p_88462
585069,2651,8952,1,0.8851541717509407,a_5048,p_98122
585077,2651,7909,1,0.8763006997948624,a_5048,p_65459
585093,2651,7368,1,0.8698552664163741,a_5048,p_45172
585094,2651,7412,1,0.8698552664163741,a_5048,p_47000
585103,2651,7859,1,0.8961222876929698,a_5048,p_63420
585110,2651,7020,1,0.8763006997948624,a_5048,p_31739
585112,2651,7758,1,0.8763006997948624,a_5048,p_59841
585116,2651,6388,1,0.8813042264645596,a_5048,p_2091
585130,2651,7181,1,0.8594568462103038,a_5048,p_3807
585151,2651,8630,1,0.8961222876929698,a_5048,p_88918
585154,2651,7765,1,0.8663006997948623,a_5048,p_5990
585180,2651,8030,1,0.8756249163190788,a_5048,p_6968
585187,2651,8176,1,0.8598552664163741,a_5048,p_73204
585196,2651,7103,1,0.8961222876929698,a_5048,p_34621
585203,2651,8649,1,0.8698552664163741,a_5048,p_8912
585209,2651,7410,1,0.8961222876929698,a_5048,p_46982
585215,2651,7817,1,0.8961222876929698,a_5048,p_61925
585223,2651,7722,1,0.8861222876929697,a_5048,p_58608
585230,2651,7582,1,0.8698552664163741,a_5048,p_5438
585273,2651,8565,1,0.8961222876929698,a_5048,p_87495
585277,2651,6450,1,0.8961222876929698,a_5048,p_21972
585280,2651,6810,1,0.8861222876929697,a_5048,p_27145
585284,2651,6922,1,0.8698552664163741,a_5048,p_29579
585288,2651,8729,1,0.8961222876929698,a_5048,p_91161
585295,2651,6609,1,0.8756249163190788,a_5048,p_2396
585308,2651,7613,1,0.8698552664163741,a_5048,p_5552
585309,2651,8053,1,0.8961222876929698,a_5048,p_70095
585311,2651,7730,1,0.8861222876929697,a_5048,p_58780
594250,7204,1732,1,0.8524514625735498,p_39221,a_34604
603774,6588,3853,1,0.8886071552428221,p_2368,a_67681
610143,7217,3853,1,0.8886071552428221,p_39557,a_67681
610240,7217,1732,1,0.8620681372107792,p_39557,a_34604
622773,7113,3853,1,0.8962978536025469,p_3508,a_67681
631113,6662,3853,1,0.9601365257411274,p_24809,a_67681
643503,6801,3853,1,0.9601045534492867,p_26966,a_67681
644529,6413,3853,1,0.8511692271380632,p_21601,a_67681
646578,7489,3853,1,0.9272374282134337,p_51556,a_67681
649741,5999,1732,1,0.8524514625735498,p_13585,a_34604
653826,5916,3298,1,0.8659032583654771,p_12990,a_59195
656871,6183,3298,1,0.855354191493376,p_16210,a_59195
660809,6699,3853,1,0.8962978536025469,p_2563,a_67681
661818,6122,3853,1,0.878852089329341,p_15353,a_67681
661915,6122,1732,1,0.8647158936210357,p_15353,a_34604
665704,380,6709,1,0.8608523799810383,a_14405,p_25812
665706,380,5858,1,0.8514878350732096,a_14405,p_12436
665711,380,7407,1,0.8514878350732096,a_14405,p_46908
665907,380,5893,1,0.8608523799810383,a_14405,p_12856
665958,380,6446,1,0.8531545017398763,a_14405,p_21907
666063,380,7100,1,0.8608523799810383,a_14405,p_34506
666116,380,8214,1,0.8608523799810383,a_14405,p_74679
666180,380,7679,1,0.8608523799810383,a_14405,p_57470
666261,380,7418,1,0.8608523799810383,a_14405,p_47205
666325,380,7559,1,0.8608523799810383,a_14405,p_5398
666382,380,8773,1,0.8514878350732096,a_14405,p_9237
666391,380,6828,1,0.8608523799810383,a_14405,p_27430
666443,380,7696,1,0.8514878350732096,a_14405,p_58
666467,380,8208,1,0.8514878350732096,a_14405,p_74462
666514,380,7324,1,0.8608523799810383,a_14405,p_43798
666547,380,7765,1,0.8608523799810383,a_14405,p_5990
666573,380,8030,1,0.8514878350732096,a_14405,p_6968
666648,380,7399,1,0.8608523799810383,a_14405,p_46610
666688,380,6609,1,0.8514878350732096,a_14405,p_2396
667711,2188,6709,1,0.8591169672456254,a_43207,p_25812
667714,2188,6760,1,0.8508628507309455,a_43207,p_26630
667780,2188,6282,1,0.8591169672456254,a_43207,p_1866
667781,2188,6683,1,0.8514149432925072,a_43207,p_25349
667841,2188,6039,1,0.8508628507309455,a_43207,p_13900
667914,2188,5893,1,0.8591169672456254,a_43207,p_12856
667942,2188,5920,1,0.8591169672456254,a_43207,p_13
668070,2188,7100,1,0.8591169672456254,a_43207,p_34506
668123,2188,8214,1,0.8591169672456254,a_43207,p_74679
668150,2188,7109,1,0.8591169672456254,a_43207,p_34990
668168,2188,6782,1,0.8605766629120373,a_43207,p_26777
668186,2188,8045,1,0.8605766629120373,a_43207,p_69816
668198,2188,8693,1,0.8591169672456254,a_43207,p_90163
668332,2188,7559,1,0.8591169672456254,a_43207,p_5398
668343,2188,7935,1,0.8508628507309455,a_43207,p_66652
668398,2188,6828,1,0.8591169672456254,a_43207,p_27430
668961,6201,3298,1,0.8616564051037366,p_16369,a_59195
670854,6709,3853,1,0.8869633196263836,p_25812,a_67681
670951,6709,1732,1,0.8620681372107792,p_25812,a_34604
672948,5858,1732,1,0.8647158936210357,p_12436,a_34604
673945,6760,1732,1,0.860942119389451,p_26630,a_34604
677923,7407,1732,1,0.8647158936210357,p_46908,a_34604
680799,6452,3853,1,0.8511692271380632,p_21977,a_67681
681689,1926,6309,1,0.8591169672456254,a_38939,p_19
681762,1926,5775,1,0.8591169672456254,a_38939,p_10502
681851,1926,5893,1,0.8514878350732096,a_38939,p_12856
681857,1926,6511,1,0.8591169672456254,a_38939,p_22861
681876,1926,6907,1,0.8591169672456254,a_38939,p_29282
681879,1926,5920,1,0.8514878350732096,a_38939,p_13
681899,1926,7286,1,0.8591169672456254,a_38939,p_425
681955,1926,6269,1,0.8591169672456254,a_38939,p_18356
681968,1926,6004,1,0.8591169672456254,a_38939,p_13647
682007,1926,7100,1,0.8514878350732096,a_38939,p_34506
682052,1926,6742,1,0.8591169672456254,a_38939,p_2610
682060,1926,8214,1,0.8514878350732096,a_38939,p_74679
682087,1926,7109,1,0.8514878350732096,a_38939,p_34990
682095,1926,6328,1,0.8591169672456254,a_38939,p_19246
682123,1926,8045,1,0.8514149432925072,a_38939,p_69816
682135,1926,8693,1,0.8514878350732096,a_38939,p_90163
682161,1926,8526,1,0.8591169672456254,a_38939,p_86244
682203,1926,8906,1,0.8591169672456254,a_38939,p_95924
682205,1926,7418,1,0.8514878350732096,a_38939,p_47205
682224,1926,7985,1,0.8591169672456254,a_38939,p_68266
682269,1926,7559,1,0.8514878350732096,a_38939,p_5398
682282,1926,7825,1,0.8591169672456254,a_38939,p_62158
682324,1926,8638,1,0.8591169672456254,a_38939,p_89019
682335,1926,6828,1,0.8514878350732096,a_38939,p_27430
682356,1926,7468,1,0.8591169672456254,a_38939,p_50369
682373,1926,8723,1,0.8591169672456254,a_38939,p_90945
682388,1926,7848,1,0.8514878350732096,a_38939,p_6315
682455,1926,8525,1,0.8591169672456254,a_38939,p_86220
682458,1926,7324,1,0.8514878350732096,a_38939,p_43798
682463,1926,8714,1,0.8591169672456254,a_38939,p_90648
682489,1926,8404,1,0.8591169672456254,a_38939,p_81040
682491,1926,7765,1,0.8514878350732096,a_38939,p_5990
682540,1926,8649,1,0.8591169672456254,a_38939,p_8912
682567,1926,7582,1,0.8591169672456254,a_38939,p_5438
682574,1926,8258,1,0.8591169672456254,a_38939,p_76589
682633,1926,8445,1,0.8591169672456254,a_38939,p_8227
682637,1926,7809,1,0.8591169672456254,a_38939,p_61719
682640,1926,8245,1,0.8591169672456254,a_38939,p_75946
682645,1926,7613,1,0.8591169672456254,a_38939,p_5552
683763,6524,3853,1,0.8962978536025469,p_23,a_67681
683860,6524,1732,1,0.8647158936210357,p_23,a_34604
688683,6493,3853,1,0.8886071552428221,p_22586,a_67681
710993,6309,3853,1,0.9008404206151159,p_19,a_67681
715773,7913,3853,1,0.8886071552428221,p_6564,a_67681
721573,7221,1732,1,0.8524514625735498,p_39627,a_34604
725258,6124,3853,1,0.8805306607579123,p_15391,a_67681
725355,6124,1732,1,0.8647158936210357,p_15391,a_34604
729024,6033,3853,1,0.8886071552428221,p_13829,a_67681
737536,6282,1732,1,0.8620681372107792,p_1866,a_34604
760389,6151,3853,1,0.8886071552428221,p_15983,a_67681
768498,7562,3853,1,0.8962978536025469,p_53998,a_67681
780068,6549,3853,1,0.9601045534492867,p_23170,a_67681
792436,6039,1732,1,0.860942119389451,p_13900,a_34604
794943,6538,3853,1,0.9272374282134337,p_23054,a_67681
796674,7547,3853,1,0.9288812638298719,p_5361,a_67681
796782,7547,3298,1,0.8659032583654771,p_5361,a_59195
800987,3853,5757,1,0.8962978536025469,a_67681,p_10310
800989,3853,6423,1,0.8511692271380632,a_67681,p_2179
800996,3853,7949,1,0.8962978536025469,a_67681,p_67213
801005,3853,6476,1,0.8511692271380632,a_67681,p_22329
801032,3853,7340,1,0.9106404206151157,a_67681,p_44164
801036,3853,6647,1,0.8511692271380632,a_67681,p_24625
801045,3853,6100,1,0.8511692271380632,a_67681,p_15095
801050,3853,6420,1,0.8886071552428221,a_67681,p_21704
801053,3853,6511,1,0.9272374282134337,a_67681,p_22861
801055,3853,6062,1,0.9601045534492867,a_67681,p_14210
801072,3853,6907,1,0.9272374282134337,a_67681,p_29282
801075,3853,5920,1,0.8886071552428221,a_67681,p_13
801078,3853,6169,1,0.9601045534492867,a_67681,p_16037
801118,3853,6192,1,0.8886071552428221,a_67681,p_16257
801123,3853,6993,1,0.8869633196263836,a_67681,p_3102
801133,3853,6679,1,0.9288812638298719,a_67681,p_25230
801165,3853,6506,1,0.9601045534492867,a_67681,p_22805
801172,3853,7222,1,0.8886071552428221,a_67681,p_39628
801178,3853,6551,1,0.9288812638298719,a_67681,p_23172
801180,3853,7816,1,0.9288812638298719,a_67681,p_61922
801191,3853,6310,1,0.9591684097990983,a_67681,p_190
801204,3853,6664,1,0.9288812638298719,a_67681,p_24857
801205,3853,7941,1,0.8511692271380632,a_67681,p_6703
801210,3853,6396,1,0.8869633196263836,a_67681,p_2110
801212,3853,6397,1,0.8886071552428221,a_67681,p_2112
801215,3853,7401,1,0.8511692271380632,a_67681,p_46612
801221,3853,7107,1,0.8962978536025469,a_67681,p_34830
801248,3853,6742,1,0.9106404206151157,a_67681,p_2610
801255,3853,7311,1,0.8511692271380632,a_67681,p_43226
801256,3853,8214,1,0.8852847481978123,a_67681,p_74679
801259,3853,7130,1,0.9601045534492867,a_67681,p_35810
801264,3853,5754,1,0.9599045534492867,a_67681,p_102397
801265,3853,6841,1,0.8962978536025469,a_67681,p_27927
801274,3853,7436,1,0.9599045534492867,a_67681,p_47981
801279,3853,7150,1,0.9172647009407063,a_67681,p_36877
801281,3853,6548,1,0.9288812638298719,a_67681,p_23169
801290,3853,6320,1,0.9601045534492867,a_67681,p_19159
801291,3853,6328,1,0.9288812638298719,a_67681,p_19246
801295,3853,7766,1,0.8511692271380632,a_67681,p_5992
801296,3853,7411,1,0.9288812638298719,a_67681,p_46991
801297,3853,7820,1,0.9591684097990983,a_67681,p_61993
801301,3853,6782,1,0.8511692271380632,a_67681,p_26777
801303,3853,8202,1,0.8962978536025469,a_67681,p_74194
801311,3853,8260,1,0.9601045534492867,a_67681,p_76642
801320,3853,7679,1,0.8886071552428221,a_67681,p_57470
801345,3853,8633,1,0.8886071552428221,a_67681,p_8897
801346,3853,7255,1,0.9172647009407063,a_67681,p_41129
801355,3853,6848,1,0.9272374282134337,a_67681,p_28170
801365,3853,7987,1,0.9601045534492867,a_67681,p_68300
801376,3853,8278,1,0.9288812638298719,a_67681,p_77835
801380,3853,7734,1,0.9272374282134337,a_67681,p_58872
801406,3853,8170,1,0.8962978536025469,a_67681,p_73062
801412,3853,6171,1,0.8962978536025469,a_67681,p_16061
801417,3853,7784,1,0.9272374282134337,a_67681,p_60772
801420,3853,7985,1,0.9272374282134337,a_67681,p_68266
801448,3853,7579,1,0.8962978536025469,a_67681,p_54336
801450,3853,8315,1,0.8511692271380632,a_67681,p_7890
801462,3853,7042,1,0.9272374282134337,a_67681,p_32225
801464,3853,8276,1,0.8962978536025469,a_67681,p_7773
801480,3853,6666,1,0.9601045534492867,a_67681,p_24890
801482,3853,6675,1,0.8886071552428221,a_67681,p_252
801488,3853,8619,1,0.8886071552428221,a_67681,p_8859
801506,3853,7353,1,0.8962978536025469,a_67681,p_44655
801519,3853,7490,1,0.9601045534492867,a_67681,p_51681
801522,3853,8773,1,0.8962978536025469,a_67681,p_9237
801526,3853,6176,1,0.9288812638298719,a_67681,p_16107
801535,3853,7632,1,0.9591364375072579,a_67681,p_5612
801536,3853,8274,1,0.9272374282134337,a_67681,p_7760
801557,3853,6438,1,0.8962978536025469,a_67681,p_2189
801560,3853,6971,1,0.9008404206151159,a_67681,p_30629
801564,3853,7560,1,0.8511692271380632,a_67681,p_5399
801569,3853,8723,1,0.9288812638298719,a_67681,p_90945
801581,3853,7402,1,0.8886071552428221,a_67681,p_4665
801583,3853,7696,1,0.8962978536025469,a_67681,p_58
801584,3853,7848,1,0.8886071552428221,a_67681,p_6315
801605,3853,7339,1,0.8852847481978123,a_67681,p_4416
801620,3853,7283,1,0.9288812638298719,a_67681,p_42451
801626,3853,7368,1,0.9288812638298719,a_67681,p_45172
801638,3853,6238,1,0.9272374282134337,a_67681,p_1741
801640,3853,7927,1,0.9599365257411273,a_67681,p_66244
801643,3853,7020,1,0.8886071552428221,a_67681,p_31739
801645,3853,7758,1,0.8886071552428221,a_67681,p_59841
801651,3853,8525,1,0.9288812638298719,a_67681,p_86220
801659,3853,8714,1,0.9288812638298719,a_67681,p_90648
801662,3853,7143,1,0.8886071552428221,a_67681,p_36676
801678,3853,7558,1,0.8962978536025469,a_67681,p_5396
801691,3853,8356,1,0.8869633196263836,a_67681,p_7994
801713,3853,8030,1,0.8962978536025469,a_67681,p_6968
801726,3853,7326,1,0.9601045534492867,a_67681,p_43912
801729,3853,7103,1,0.9601045534492867,a_67681,p_34621
801734,3853,8143,1,0.9599365257411273,a_67681,p_72008
801736,3853,8649,1,0.9272374282134337,a_67681,p_8912
801768,3853,7167,1,0.8886071552428221,a_67681,p_3751
801770,3853,8258,1,0.9288812638298719,a_67681,p_76589
801788,3853,7399,1,0.8886071552428221,a_67681,p_46610
801810,3853,6450,1,0.9601045534492867,a_67681,p_21972
801817,3853,6922,1,0.9288812638298719,a_67681,p_29579
801828,3853,6609,1,0.8962978536025469,a_67681,p_2396
801837,3853,8789,1,0.9288812638298719,a_67681,p_93
801842,3853,8053,1,0.9591364375072579,a_67681,p_70095
805377,6423,3298,1,0.8616564051037366,p_2179,a_59195
807073,6930,1732,1,0.854435551439178,p_29675,a_34604
808776,6793,1732,1,0.8524514625735498,p_26875,a_34604
818910,6476,1732,1,0.855176656864519,p_22329,a_34604
819748,5942,1732,1,0.8524514625735498,p_13232,a_34604
820585,6052,1732,1,0.8620681372107792,p_14020,a_34604
843615,6440,1732,1,0.8524514625735498,p_21893,a_34604
853245,5893,1732,1,0.8620681372107792,p_12856,a_34604
858017,6511,3298,1,0.8659032583654771,p_22861,a_59195
859585,6062,1732,1,0.8524514625735498,p_14210,a_34604
865080,6373,1732,1,0.8524514625735498,p_20651,a_34604
868986,5894,3298,1,0.8659032583654771,p_12859,a_59195
872856,6907,3298,1,0.8659032583654771,p_29282,a_59195
879765,1732,6446,1,0.8647158936210357,a_34604,p_21907
879794,1732,6636,1,0.8524514625735498,a_34604,p_24431
879832,1732,6506,1,0.8524514625735498,a_34604,p_22805
879842,1732,8177,1,0.860942119389451,a_34604,p_73337
879850,1732,5977,1,0.860942119389451,a_34604,p_13478
879870,1732,7100,1,0.8620681372107792,a_34604,p_34506
879903,1732,7305,1,0.8524514625735498,a_34604,p_42924
879923,1732,8214,1,0.8620681372107792,a_34604,p_74679
879950,1732,7109,1,0.8620681372107792,a_34604,p_34990
879968,1732,6782,1,0.855176656864519,a_34604,p_26777
879971,1732,8345,1,0.8524514625735498,a_34604,p_79701
879977,1732,7728,1,0.8647158936210357,a_34604,p_58715
879986,1732,8045,1,0.855176656864519,a_34604,p_69816
879987,1732,7679,1,0.8620681372107792,a_34604,p_57470
879996,1732,8056,1,0.8524514625735498,a_34604,p_70148
879998,1732,8693,1,0.8520681372107792,a_34604,p_90163
880015,1732,8389,1,0.8647158936210357,a_34604,p_80763
880021,1732,8591,1,0.8524514625735498,a_34604,p_87837
880032,1732,7987,1,0.8524514625735498,a_34604,p_68300
880055,1732,6949,1,0.8613330875649627,a_34604,p_30223
880068,1732,7418,1,0.8620681372107792,a_34604,p_47205
880082,1732,6582,1,0.8524514625735498,a_34604,p_2361
880106,1732,8092,1,0.8524514625735498,a_34604,p_71065
880115,1732,7579,1,0.8647158936210357,a_34604,p_54336
880132,1732,7559,1,0.8620681372107792,a_34604,p_5398
880146,1732,8256,1,0.8524514625735498,a_34604,p_76499
880147,1732,6666,1,0.8524514625735498,a_34604,p_24890
880162,1732,7855,1,0.8524514625735498,a_34604,p_63283
880178,1732,8957,1,0.8524514625735498,a_34604,p_9871
880186,1732,7490,1,0.8524514625735498,a_34604,p_51681
880189,1732,8773,1,0.8647158936210357,a_34604,p_9237
880194,1732,8741,1,0.8524514625735498,a_34604,p_91222
880198,1732,6828,1,0.8620681372107792,a_34604,p_27430
880224,1732,6438,1,0.8647158936210357,a_34604,p_2189
880245,1732,8709,1,0.8524514625735498,a_34604,p_9047
880250,1732,7696,1,0.8647158936210357,a_34604,p_58
880251,1732,7848,1,0.8620681372107792,a_34604,p_6315
880254,1732,5828,1,0.8524514625735498,a_34604,p_113
880274,1732,8208,1,0.8647158936210357,a_34604,p_74462
880321,1732,7324,1,0.8620681372107792,a_34604,p_43798
880351,1732,8630,1,0.8524514625735498,a_34604,p_88918
880369,1732,8080,1,0.8524514625735498,a_34604,p_70946
880380,1732,8030,1,0.8647158936210357,a_34604,p_6968
880388,1732,8192,1,0.8549431991800956,a_34604,p_7397
880393,1732,7326,1,0.8524514625735498,a_34604,p_43912
880396,1732,7103,1,0.8524514625735498,a_34604,p_34621
880415,1732,7817,1,0.8524514625735498,a_34604,p_61925
880455,1732,7399,1,0.8620681372107792,a_34604,p_46610
880488,1732,8729,1,0.8524514625735498,a_34604,p_91161
880495,1732,6609,1,0.8647158936210357,a_34604,p_2396
888089,3298,7286,1,0.8559032583654771,a_59195,p_425
888139,3298,6434,1,0.8537880886046088,a_59195,p_21868
888145,3298,6269,1,0.8659032583654771,a_59195,p_18356
888204,3298,6396,1,0.855354191493376,a_59195,p_2110
888241,3298,7112,1,0.8616564051037366,a_59195,p_3505
888242,3298,6742,1,0.8659032583654771,a_59195,p_2610
888273,3298,7150,1,0.8659032583654771,a_59195,p_36877
888277,3298,7109,1,0.855354191493376,a_59195,p_34990
888313,3298,8045,1,0.8616564051037366,a_59195,p_69816
888330,3298,8299,1,0.855354191493376,a_59195,p_7862
888340,3298,7255,1,0.8659032583654771,a_59195,p_41129
888349,3298,6848,1,0.8659032583654771,a_59195,p_28170
888393,3298,8906,1,0.8659032583654771,a_59195,p_95924
888395,3298,7418,1,0.855354191493376,a_59195,p_47205
888415,3298,6202,1,0.855354191493376,a_59195,p_16373
888456,3298,7042,1,0.8659032583654771,a_59195,p_32225
888472,3298,7825,1,0.8659032583654771,a_59195,p_62158
888515,3298,8959,1,0.8659032583654771,a_59195,p_98731
888546,3298,7468,1,0.8659032583654771,a_59195,p_50369
888557,3298,6392,1,0.8659032583654771,a_59195,p_20983
888599,3298,7339,1,0.855354191493376,a_59195,p_4416
888604,3298,7909,1,0.855354191493376,a_59195,p_65459
888614,3298,7283,1,0.8659032583654771,a_59195,p_42451
888679,3298,8404,1,0.8659032583654771,a_59195,p_81040
888699,3298,8157,1,0.8524905961907564,a_59195,p_7283
888714,3298,8176,1,0.8659032583654771,a_59195,p_73204
888764,3298,8258,1,0.8659032583654771,a_59195,p_76589
888823,3298,8445,1,0.8659032583654771,a_59195,p_8227
888827,3298,7809,1,0.8659032583654771,a_59195,p_61719
888830,3298,8245,1,0.8659032583654771,a_59195,p_75946
888835,3298,7613,1,0.8659032583654771,a_59195,p_5552
1033915,7679,2845,1,0.8576469584357228,p_57470,a_53234
1067442,6949,3775,1,0.8583844570091006,p_30223,a_66408
1073038,7418,2845,1,0.8576469584357228,p_47205,a_53234
1134083,2845,7613,1,0.8508879412428925,a_53234,p_5552
